cluster,language,query,intent,priority,target_url,source,checked_on,volume,note
brand,ru,MBStudio Кишинёв,navigation,P1,https://mbstudio.scena.life/ru/,MBStudio public page content and supported flows,2026-09-16,not measured,Intent hypothesis; no fabricated search volume or rank.
brand,ru,Маша Бараночникова,navigation,P1,https://mbstudio.scena.life/ru/,MBStudio public page content and supported flows,2026-09-16,not measured,Intent hypothesis; no fabricated search volume or rank.
brand,ro,MBStudio Chișinău,navigation,P1,https://mbstudio.scena.life/ro/,MBStudio public page content and supported flows,2026-09-16,not measured,Intent hypothesis; no fabricated search volume or rank.
brand,ro,Masha Baranocinikova,navigation,P1,https://mbstudio.scena.life/ro/,MBStudio public page content and supported flows,2026-09-16,not measured,Intent hypothesis; no fabricated search volume or rank.
brand,en,MBStudio Chisinau,navigation,P1,https://mbstudio.scena.life/en/,MBStudio public page content and supported flows,2026-09-16,not measured,Intent hypothesis; no fabricated search volume or rank.
brand,en,Masha Baranochnikova,navigation,P1,https://mbstudio.scena.life/en/,MBStudio public page content and supported flows,2026-09-16,not measured,Intent hypothesis; no fabricated search volume or rank.
makeup,ru,макияж Кишинёв,local-commercial,P1,https://mbstudio.scena.life/ru/makiyazh/,https://visage.md/ ; https://beautyavenue.md/make-up/ ; https://baco.md/cursuri/auto-machiaj/,2026-09-16,not measured,Intent hypothesis; no fabricated search volume or rank.
makeup,ru,визажист Кишинёв,local-commercial,P1,https://mbstudio.scena.life/ru/makiyazh/,https://visage.md/ ; https://beautyavenue.md/make-up/ ; https://baco.md/cursuri/auto-machiaj/,2026-09-16,not measured,Intent hypothesis; no fabricated search volume or rank.
makeup,ro,machiaj Chișinău,local-commercial,P1,https://mbstudio.scena.life/ro/machiaj/,https://visage.md/ ; https://beautyavenue.md/make-up/ ; https://baco.md/cursuri/auto-machiaj/,2026-09-16,not measured,Intent hypothesis; no fabricated search volume or rank.
makeup,ro,makeup artist Chișinău,local-commercial,P1,https://mbstudio.scena.life/ro/machiaj/,https://visage.md/ ; https://beautyavenue.md/make-up/ ; https://baco.md/cursuri/auto-machiaj/,2026-09-16,not measured,Intent hypothesis; no fabricated search volume or rank.
makeup,en,makeup artist Chisinau,local-commercial,P1,https://mbstudio.scena.life/en/makeup/,https://visage.md/ ; https://beautyavenue.md/make-up/ ; https://baco.md/cursuri/auto-machiaj/,2026-09-16,not measured,Intent hypothesis; no fabricated search volume or rank.
makeup,en,makeup services Chisinau,local-commercial,P1,https://mbstudio.scena.life/en/makeup/,https://visage.md/ ; https://beautyavenue.md/make-up/ ; https://baco.md/cursuri/auto-machiaj/,2026-09-16,not measured,Intent hypothesis; no fabricated search volume or rank.
day,ru,дневной макияж Кишинёв,service-comparison,P1,https://mbstudio.scena.life/ru/makiyazh/,https://visage.md/ ; https://beautyavenue.md/make-up/ ; https://baco.md/cursuri/auto-machiaj/,2026-09-16,not measured,Intent hypothesis; no fabricated search volume or rank.
day,ru,дневной макияж цена,service-comparison,P1,https://mbstudio.scena.life/ru/makiyazh/,https://visage.md/ ; https://beautyavenue.md/make-up/ ; https://baco.md/cursuri/auto-machiaj/,2026-09-16,not measured,Intent hypothesis; no fabricated search volume or rank.
day,ro,machiaj de zi Chișinău,service-comparison,P1,https://mbstudio.scena.life/ro/machiaj/,https://visage.md/ ; https://beautyavenue.md/make-up/ ; https://baco.md/cursuri/auto-machiaj/,2026-09-16,not measured,Intent hypothesis; no fabricated search volume or rank.
day,ro,machiaj de zi preț,service-comparison,P1,https://mbstudio.scena.life/ro/machiaj/,https://visage.md/ ; https://beautyavenue.md/make-up/ ; https://baco.md/cursuri/auto-machiaj/,2026-09-16,not measured,Intent hypothesis; no fabricated search volume or rank.
day,en,daytime makeup Chisinau,service-comparison,P1,https://mbstudio.scena.life/en/makeup/,https://visage.md/ ; https://beautyavenue.md/make-up/ ; https://baco.md/cursuri/auto-machiaj/,2026-09-16,not measured,Intent hypothesis; no fabricated search volume or rank.
day,en,day makeup price Chisinau,service-comparison,P1,https://mbstudio.scena.life/en/makeup/,https://visage.md/ ; https://beautyavenue.md/make-up/ ; https://baco.md/cursuri/auto-machiaj/,2026-09-16,not measured,Intent hypothesis; no fabricated search volume or rank.
evening,ru,вечерний макияж Кишинёв,service-comparison,P1,https://mbstudio.scena.life/ru/makiyazh/,https://visage.md/ ; https://beautyavenue.md/make-up/ ; https://baco.md/cursuri/auto-machiaj/,2026-09-16,not measured,Intent hypothesis; no fabricated search volume or rank.
evening,ru,макияж на мероприятие Кишинёв,service-comparison,P1,https://mbstudio.scena.life/ru/makiyazh/,https://visage.md/ ; https://beautyavenue.md/make-up/ ; https://baco.md/cursuri/auto-machiaj/,2026-09-16,not measured,Intent hypothesis; no fabricated search volume or rank.
evening,ro,machiaj de seară Chișinău,service-comparison,P1,https://mbstudio.scena.life/ro/machiaj/,https://visage.md/ ; https://beautyavenue.md/make-up/ ; https://baco.md/cursuri/auto-machiaj/,2026-09-16,not measured,Intent hypothesis; no fabricated search volume or rank.
evening,ro,machiaj eveniment Chișinău,service-comparison,P1,https://mbstudio.scena.life/ro/machiaj/,https://visage.md/ ; https://beautyavenue.md/make-up/ ; https://baco.md/cursuri/auto-machiaj/,2026-09-16,not measured,Intent hypothesis; no fabricated search volume or rank.
evening,en,evening makeup Chisinau,service-comparison,P1,https://mbstudio.scena.life/en/makeup/,https://visage.md/ ; https://beautyavenue.md/make-up/ ; https://baco.md/cursuri/auto-machiaj/,2026-09-16,not measured,Intent hypothesis; no fabricated search volume or rank.
evening,en,event makeup Chisinau,service-comparison,P1,https://mbstudio.scena.life/en/makeup/,https://visage.md/ ; https://beautyavenue.md/make-up/ ; https://baco.md/cursuri/auto-machiaj/,2026-09-16,not measured,Intent hypothesis; no fabricated search volume or rank.
bridal,ru,свадебный макияж Кишинёв,service-comparison,P1,https://mbstudio.scena.life/ru/makiyazh/,https://visage.md/ ; https://beautyavenue.md/make-up/ ; https://baco.md/cursuri/auto-machiaj/,2026-09-16,not measured,Intent hypothesis; no fabricated search volume or rank.
bridal,ru,макияж невесты Кишинёв,service-comparison,P1,https://mbstudio.scena.life/ru/makiyazh/,https://visage.md/ ; https://beautyavenue.md/make-up/ ; https://baco.md/cursuri/auto-machiaj/,2026-09-16,not measured,Intent hypothesis; no fabricated search volume or rank.
bridal,ro,machiaj de mireasă Chișinău,service-comparison,P1,https://mbstudio.scena.life/ro/machiaj/,https://visage.md/ ; https://beautyavenue.md/make-up/ ; https://baco.md/cursuri/auto-machiaj/,2026-09-16,not measured,Intent hypothesis; no fabricated search volume or rank.
bridal,ro,machiaj nuntă Chișinău,service-comparison,P1,https://mbstudio.scena.life/ro/machiaj/,https://visage.md/ ; https://beautyavenue.md/make-up/ ; https://baco.md/cursuri/auto-machiaj/,2026-09-16,not measured,Intent hypothesis; no fabricated search volume or rank.
bridal,en,bridal makeup Chisinau,service-comparison,P1,https://mbstudio.scena.life/en/makeup/,https://visage.md/ ; https://beautyavenue.md/make-up/ ; https://baco.md/cursuri/auto-machiaj/,2026-09-16,not measured,Intent hypothesis; no fabricated search volume or rank.
bridal,en,wedding makeup Chisinau,service-comparison,P1,https://mbstudio.scena.life/en/makeup/,https://visage.md/ ; https://beautyavenue.md/make-up/ ; https://baco.md/cursuri/auto-machiaj/,2026-09-16,not measured,Intent hypothesis; no fabricated search volume or rank.
booking,ru,записаться на макияж Кишинёв,transactional,P1,https://mbstudio.scena.life/ru/zapis/,MBStudio public page content and supported flows,2026-09-16,not measured,Intent hypothesis; no fabricated search volume or rank.
booking,ru,визажист онлайн запись,transactional,P1,https://mbstudio.scena.life/ru/zapis/,MBStudio public page content and supported flows,2026-09-16,not measured,Intent hypothesis; no fabricated search volume or rank.
booking,ro,programare machiaj Chișinău,transactional,P1,https://mbstudio.scena.life/ro/programare/,MBStudio public page content and supported flows,2026-09-16,not measured,Intent hypothesis; no fabricated search volume or rank.
booking,ro,programare online machiaj,transactional,P1,https://mbstudio.scena.life/ro/programare/,MBStudio public page content and supported flows,2026-09-16,not measured,Intent hypothesis; no fabricated search volume or rank.
booking,en,book makeup Chisinau,transactional,P1,https://mbstudio.scena.life/en/booking/,MBStudio public page content and supported flows,2026-09-16,not measured,Intent hypothesis; no fabricated search volume or rank.
booking,en,makeup appointment Chisinau,transactional,P1,https://mbstudio.scena.life/en/booking/,MBStudio public page content and supported flows,2026-09-16,not measured,Intent hypothesis; no fabricated search volume or rank.
course,ru,макияж для себя Кишинёв,training-enquiry,P1,https://mbstudio.scena.life/ru/kurs/3/,https://visage.md/ ; https://beautyavenue.md/make-up/ ; https://baco.md/cursuri/auto-machiaj/,2026-09-16,not measured,Intent hypothesis; no fabricated search volume or rank.
course,ru,курс селфи макияж,training-enquiry,P1,https://mbstudio.scena.life/ru/kurs/3/,https://visage.md/ ; https://beautyavenue.md/make-up/ ; https://baco.md/cursuri/auto-machiaj/,2026-09-16,not measured,Intent hypothesis; no fabricated search volume or rank.
course,ro,curs automachiaj Chișinău,training-enquiry,P1,https://mbstudio.scena.life/ro/curs/3/,https://visage.md/ ; https://beautyavenue.md/make-up/ ; https://baco.md/cursuri/auto-machiaj/,2026-09-16,not measured,Intent hypothesis; no fabricated search volume or rank.
course,ro,curs machiaj pentru sine,training-enquiry,P1,https://mbstudio.scena.life/ro/curs/3/,https://visage.md/ ; https://beautyavenue.md/make-up/ ; https://baco.md/cursuri/auto-machiaj/,2026-09-16,not measured,Intent hypothesis; no fabricated search volume or rank.
course,en,self makeup course Chisinau,training-enquiry,P1,https://mbstudio.scena.life/en/course/3/,https://visage.md/ ; https://beautyavenue.md/make-up/ ; https://baco.md/cursuri/auto-machiaj/,2026-09-16,not measured,Intent hypothesis; no fabricated search volume or rank.
course,en,makeup lessons Chisinau,training-enquiry,P1,https://mbstudio.scena.life/en/course/3/,https://visage.md/ ; https://beautyavenue.md/make-up/ ; https://baco.md/cursuri/auto-machiaj/,2026-09-16,not measured,Intent hypothesis; no fabricated search volume or rank.
model,ru,Маша Бараночникова модель,profile,P2,https://mbstudio.scena.life/ru/model/,MBStudio public page content and supported flows,2026-09-16,not measured,Intent hypothesis; no fabricated search volume or rank.
model,ru,модель Кишинёв знакомство,profile,P2,https://mbstudio.scena.life/ru/model/,MBStudio public page content and supported flows,2026-09-16,not measured,Intent hypothesis; no fabricated search volume or rank.
model,ro,Masha Baranocinikova model,profile,P2,https://mbstudio.scena.life/ro/model/,MBStudio public page content and supported flows,2026-09-16,not measured,Intent hypothesis; no fabricated search volume or rank.
model,ro,model Chișinău prezentare,profile,P2,https://mbstudio.scena.life/ro/model/,MBStudio public page content and supported flows,2026-09-16,not measured,Intent hypothesis; no fabricated search volume or rank.
model,en,Masha Baranochnikova model,profile,P2,https://mbstudio.scena.life/en/model/,MBStudio public page content and supported flows,2026-09-16,not measured,Intent hypothesis; no fabricated search volume or rank.
model,en,model Chisinau profile,profile,P2,https://mbstudio.scena.life/en/model/,MBStudio public page content and supported flows,2026-09-16,not measured,Intent hypothesis; no fabricated search volume or rank.
model-project,ru,пригласить модель на съёмку,project-enquiry,P2,https://mbstudio.scena.life/ru/priglasit-model/,MBStudio public page content and supported flows,2026-09-16,not measured,Intent hypothesis; no fabricated search volume or rank.
model-project,ru,модель для проекта Кишинёв,project-enquiry,P2,https://mbstudio.scena.life/ru/priglasit-model/,MBStudio public page content and supported flows,2026-09-16,not measured,Intent hypothesis; no fabricated search volume or rank.
model-project,ro,invită model la ședință foto,project-enquiry,P2,https://mbstudio.scena.life/ro/invita-modelul/,MBStudio public page content and supported flows,2026-09-16,not measured,Intent hypothesis; no fabricated search volume or rank.
model-project,ro,model pentru proiect Chișinău,project-enquiry,P2,https://mbstudio.scena.life/ro/invita-modelul/,MBStudio public page content and supported flows,2026-09-16,not measured,Intent hypothesis; no fabricated search volume or rank.
model-project,en,invite model for photoshoot,project-enquiry,P2,https://mbstudio.scena.life/en/invite-a-model/,MBStudio public page content and supported flows,2026-09-16,not measured,Intent hypothesis; no fabricated search volume or rank.
model-project,en,model for project Chisinau,project-enquiry,P2,https://mbstudio.scena.life/en/invite-a-model/,MBStudio public page content and supported flows,2026-09-16,not measured,Intent hypothesis; no fabricated search volume or rank.
shop,ru,кисти для макияжа Кишинёв,product-enquiry,P2,https://mbstudio.scena.life/ru/market/,MBStudio public page content and supported flows,2026-09-16,not measured,Intent hypothesis; no fabricated search volume or rank.
shop,ru,тени для век Кишинёв,product-enquiry,P2,https://mbstudio.scena.life/ru/market/,MBStudio public page content and supported flows,2026-09-16,not measured,Intent hypothesis; no fabricated search volume or rank.
shop,ru,фиксатор макияжа Кишинёв,product-enquiry,P2,https://mbstudio.scena.life/ru/market/,MBStudio public page content and supported flows,2026-09-16,not measured,Intent hypothesis; no fabricated search volume or rank.
shop,ro,pensule machiaj Chișinău,product-enquiry,P2,https://mbstudio.scena.life/ro/market/,MBStudio public page content and supported flows,2026-09-16,not measured,Intent hypothesis; no fabricated search volume or rank.
shop,ro,farduri de pleoape Chișinău,product-enquiry,P2,https://mbstudio.scena.life/ro/market/,MBStudio public page content and supported flows,2026-09-16,not measured,Intent hypothesis; no fabricated search volume or rank.
shop,ro,fixator machiaj Chișinău,product-enquiry,P2,https://mbstudio.scena.life/ro/market/,MBStudio public page content and supported flows,2026-09-16,not measured,Intent hypothesis; no fabricated search volume or rank.
shop,en,makeup brushes Chisinau,product-enquiry,P2,https://mbstudio.scena.life/en/market/,MBStudio public page content and supported flows,2026-09-16,not measured,Intent hypothesis; no fabricated search volume or rank.
shop,en,eyeshadow Chisinau,product-enquiry,P2,https://mbstudio.scena.life/en/market/,MBStudio public page content and supported flows,2026-09-16,not measured,Intent hypothesis; no fabricated search volume or rank.
shop,en,makeup setting spray Chisinau,product-enquiry,P2,https://mbstudio.scena.life/en/market/,MBStudio public page content and supported flows,2026-09-16,not measured,Intent hypothesis; no fabricated search volume or rank.
portfolio-makeup,ru,портфолио визажиста Кишинёв,visual-proof-after-publication,P3,https://mbstudio.scena.life/ru/portfolio/professional/,MBStudio public page content and supported flows,2026-09-16,not measured,Intent hypothesis; no fabricated search volume or rank. Portfolio target stays noindex until content exists.
portfolio-makeup,ru,примеры макияжа MBStudio,visual-proof-after-publication,P3,https://mbstudio.scena.life/ru/portfolio/professional/,MBStudio public page content and supported flows,2026-09-16,not measured,Intent hypothesis; no fabricated search volume or rank. Portfolio target stays noindex until content exists.
portfolio-makeup,ro,portofoliu machiaj Chișinău,visual-proof-after-publication,P3,https://mbstudio.scena.life/ro/portofoliu/professional/,MBStudio public page content and supported flows,2026-09-16,not measured,Intent hypothesis; no fabricated search volume or rank. Portfolio target stays noindex until content exists.
portfolio-makeup,ro,lookuri MBStudio,visual-proof-after-publication,P3,https://mbstudio.scena.life/ro/portofoliu/professional/,MBStudio public page content and supported flows,2026-09-16,not measured,Intent hypothesis; no fabricated search volume or rank. Portfolio target stays noindex until content exists.
portfolio-makeup,en,makeup portfolio Chisinau,visual-proof-after-publication,P3,https://mbstudio.scena.life/en/portfolio/professional/,MBStudio public page content and supported flows,2026-09-16,not measured,Intent hypothesis; no fabricated search volume or rank. Portfolio target stays noindex until content exists.
portfolio-makeup,en,MBStudio makeup looks,visual-proof-after-publication,P3,https://mbstudio.scena.life/en/portfolio/professional/,MBStudio public page content and supported flows,2026-09-16,not measured,Intent hypothesis; no fabricated search volume or rank. Portfolio target stays noindex until content exists.
portfolio-model,ru,портфолио модели Маша Бараночникова,visual-proof-after-publication,P3,https://mbstudio.scena.life/ru/portfolio/model/,MBStudio public page content and supported flows,2026-09-16,not measured,Intent hypothesis; no fabricated search volume or rank. Portfolio target stays noindex until content exists.
portfolio-model,ro,portofoliu model Masha Baranocinikova,visual-proof-after-publication,P3,https://mbstudio.scena.life/ro/portofoliu/model/,MBStudio public page content and supported flows,2026-09-16,not measured,Intent hypothesis; no fabricated search volume or rank. Portfolio target stays noindex until content exists.
portfolio-model,en,Masha Baranochnikova modelling portfolio,visual-proof-after-publication,P3,https://mbstudio.scena.life/en/portfolio/model/,MBStudio public page content and supported flows,2026-09-16,not measured,Intent hypothesis; no fabricated search volume or rank. Portfolio target stays noindex until content exists.
